{
  "a": 1.0004704050591884,
  "b": 26.700326892595946,
  "n_pairs": 1628,
  "rmse_m": 688.417500567444,
  "src": "2007",
  "dst": "2015"
}