{
  "a": 414.54738440983886,
  "b": -429.1957023867413,
  "rmse_m": 66.0045108588896,
  "n_pairs": 210,
  "src": "2015",
  "dst": "2022"
}