{
  "a": 349.36895696640954,
  "b": -164.9765962472576,
  "n_pairs": 331,
  "rmse_m": 145.41282121264246,
  "src": "2015",
  "dst": "2022"
}