{
  "a": 1.0004805166520996,
  "b": 26.914519613115232,
  "rmse_m": 12.19348212635664,
  "n_pairs": 1603,
  "src": "2007",
  "dst": "2015"
}